[{
  "_id": {
    "$oid": "65918faea9ed5f0b039e7e47"
  },
  "kursus_id": {
    "$oid": "6590ecc8f477c9d8076920fb"
  },
  "question": "Apa itu react le",
  "lanswer": [
    {
      "iduser": {
        "$oid": "65900befff59682c0c5b0549"
      },
      "answer": "hello cak",
      "ishighlight": false,
      "_id": {
        "$oid": "659195669443730d316f4509"
      }
    },
    {
      "iduser": {
        "$oid": "65900befff59682c0c5b0549"
      },
      "answer": "halo cak 2",
      "ishighlight": false,
      "_id": {
        "$oid": "659195789443730d316f450e"
      }
    },
    {
      "iduser": {
        "$oid": "65900befff59682c0c5b0549"
      },
      "answer": "ini benar",
      "ishighlight": true,
      "_id": {
        "$oid": "6592324b4b572abbbaceade0"
      }
    },
    {
      "iduser": {
        "$oid": "65900befff59682c0c5b0549"
      },
      "answer": "keren to",
      "ishighlight": false,
      "_id": {
        "$oid": "65923270fae8bcb2552eb2ed"
      }
    },
    {
      "iduser": {
        "$oid": "65900befff59682c0c5b0549"
      },
      "answer": "opo le",
      "ishighlight": false,
      "_id": {
        "$oid": "659232d061128586c86e429f"
      }
    },
    {
      "iduser": {
        "$oid": "65759c821885fd85f8fc116f"
      },
      "answer": "apa iya bang",
      "ishighlight": false,
      "_id": {
        "$oid": "6592934aad2445a59c7d5d2a"
      }
    }
  ]
}]