[{
  "_id": {
    "$oid": "659687466c421483f4759461"
  },
  "order_id": "ORDER-5685c-04012024-610378e0-3e7d",
  "user": {
    "$oid": "65759c821885fd85f8fc116f"
  },
  "kursus": {
    "$oid": "6590ecc8f477c9d8076920fb"
  },
  "paid_amount": 100000,
  "status": "settlement",
  "createdAt": {
    "$date": "2024-01-04T10:24:06.289Z"
  },
  "updatedAt": {
    "$date": "2024-01-04T10:24:06.289Z"
  }
},
{
  "_id": {
    "$oid": "6598ea43dab1fa7847f69714"
  },
  "order_id": "ORDER-8502d-06012024-76b36bfb-a7a0",
  "user": {
    "$oid": "65929568ad2445a59c7d5f09"
  },
  "kursus": {
    "$oid": "6590ecc8f477c9d8076920fb"
  },
  "paid_amount": 100000,
  "status": "settlement",
  "createdAt": {
    "$date": "2024-01-06T05:50:59.880Z"
  },
  "updatedAt": {
    "$date": "2024-01-06T05:50:59.880Z"
  }
}]